0,
1,Маленькие хитрости. Если стенки холодильника заделать зеркалами, то еды будет в 4 раза больше.
2,На арене цирка выступают два медведя на мотоциклах и собака на самокате. Внезапно собака подрезает один мотоцикл, тот ее сбивает, и сзади в них врезается другой мотоцикл. Самокат вдрызг, собака не дышит, медведи дерутся. Вокруг всего этого бегает дрессировщик и не знает, чего делать. Наконец он останавливается и обращается к публике: — Граждане, срочно требуется помощь! Среди вас есть гаишники?!
3,Для западного менталитета главное — достижение поставленной цели. Для восточного менталитета главное — процесс достижения поставленной цели. Для русского менталитета главное — постоянное обмывание процесса достижения поставленной цели...
4,Вовочка приходит из школы с фингалом под глазом. Отец его спрашивает: — Что, напали? — Да, часы хотели отобрать. — Так ты их опознать-то сможешь? — А че я-то? Пускай теперь их родственники опознают:
5,— Почему западная пресса накинулась на Берлускони, за его похождения с женщинами? — Потому что все остальные европейские премьер-министры давно уже спят только с мужчинами.
6,— Вы не задумывались, почему названия практически всех домашних животых — козел, баран, овца, курица, корова, гусь, петух — ругательства, и только КОТ — это милое прозвище. — Ещё более интересно, что ругательствами называют тех, кто приносит пользу, а милым прозвищем — самого бесполезного.
7,Из цикла хайку: "Подобен ситаре нефритовый стержень в руках самурая." В оригинале: "В умелых руках и хрен — балалайка."
8,Где спят коты: на ноутбуке, в миске, в коробке, на коленях, на батарее, на подоконнике, в стиральной машине. Где они не спят: на своем коврике.
9,Сошлись на Куликовом поле два войска. Вышли вперед два богатыря — Пересвет и Челубей, и начали биться. Ударил Челубей своей палицей. Тяжела палица басурманская, страшный удар обрушился на русского богатыря: вошли ноги Пересвета по колено во сыру землю. Однако выстоял Пересвет и сам ударил палицей. И вошли ноги Челубея по колено… в жопу 8-( ) Не приняла земля русская ног татарских.
10,Таксист всю дорогу молчал. Ни слова о бизнесе, экономике или политике. Их что, теперь совсем ничему не учат ихнем таксомоторном институте, да?
11,Если бы социологи работали по принципу Гидрометцентра: — Сегодня в России на улице — 21-й век, ощущается — как 15-й.
12,В цветочной лавке: — Вы не поможете букетик подобрать, я с девушкой мириться буду... — Ну, давайте уточним размер вашей реабилитации. Что сделали? — Обозвал дурой. Продавец подает шикарную розу. —... овцой. Подает вторую. —... тупой. Подает третью. — ... жирной. Продавец забирает одну: — Это не ей, вам розы.
13,Похоже, специалистам IТ-поддержки, рекомендующим все болячки на ноуте лечить перезагрузкой, школьные учителя слишком часто говорили: "Выйди и зайди по- нормальному. "
14,Очень ревнивый муж перед отъездом говорит своему другу: — Следи за моей женой. Если увидишь что-нибудь необычное — тут же мне телеграмму. Через три недели телеграмма: СРОЧНО ПРИЕЗЖАЙ Муж прилетает тут же, идет к другу, спрашивает, в чем дело? Тот объясняет: — Сначала было так. Каждый вечер к ней ходил какой-то мужик. Уходил утром... — Так почему ты только сейчас телеграмму прислал? — Необычное началось вчера. Мужик не пришел...
15,
16,— Так вы утверждаете, что ударили этого человека пивной кружкой в невменяемом состоянии? — Да, господин судья. — А чем вы это можете доказать? — Так ведь кружка была полная!
17,Жена: — Кого из животных я тебе напоминаю? Муж: — О! Хорошо, что напомнила! Принеси-ка молока.
18,Геолог спрашивает чукчу-пастуха: — Отец, скажи, а сколько твои олени дают за сезон рогов? — Черные или белые? — Ну, допустим черные. — А-а-а-а... Черные — два килограмма. — А белые? — И белые два килограмма. — А скажи, отец, сколько им нужно корма в день? — Черным или белым? — уточняет пастух — Ну, черным. — Черным — один килограмм. — А белым? — не унимается геолог. — И белым один килограмм. Геолог в бешенстве: — Ты что меня заморачиваешь? Почему все время спрашиваешь, черные или белые, ведь результат один и тот-же?! — Ну-у-у... Так ведь черные-ж мои, — отвечает чукча. Геолог понимающе: — А-а-а-а-а... А белые? — И белые мои
19,Набережные Челны. В отделение полиции доставляют двух граждан, избивших таджика: военного подполковника и токаря с местного завода. Допрашивают подполковника: "Зачем вы затеяли драку прямо в автобусе? " Подполковник: "Еду я в автобусе, никого не трогаю, на остановке в автобус заходит таджик, наступил мне на ногу и стоит, я терплю, он дальше стоит, я еще минуты две терпел, время засек, ну, думаю, если через пять минут не сойдет с моей ноги, по сопатке точно получит. " Допрашивают токаря: "Зачем вы-то вмешались? " Токарь: "Еду я в автобусе, рядом подполковник стоит, я за ним наблюдаю, а он смотрит то на таджика, то на часы, на таджика, на часы, опять — на таджика, снова — на часы. Потом как хрястнет таджика по сопатке. Ну, я и подумал, что время пришло, по всей России, думал, так".
20,— Дедушка, а за что тебя женщины так любили? — Да я и сам не знаю, внучек. Бывает вот сяду, положу член на колени и думаю, думаю.
21,Чукча подходит к проститутке на Тверской: — Скока за ночь, однака? Она смерила его взглядом: — С тебя 150 баксов, лох. Тут подскакивает чукотская братва и запихивает ее в багажник. Прошло полгода... ее высаживают на том же месте, одичавшую, вонючую, в унтах и чукотских тряпках: в школе она училась плохо, откуда ей было знать, что ночь полярная.
22,Золушка: — Туфелька мне подошла, когда свадьба? Принц: — Это был полуфинал. Сейчас будем мерить бюстгальтер...
23,Как-то решил приколоться и в резюме, в графе положительные качества, написал — отсутствие совести. И тут же стали предлагать та-а-акие должности...
24,Идут [мав]р и русский. [мав]р замерз, весь трясeтся и спрашивает у русского: — Что так холодно у вас в мае? Русский отвечает: — Черемуха цветeт. [мав]р: — Нахрена вы еe сажаете-то?
25,Объявление в аэропорту: — Хотел совершить посадку самолёт выполнявший рейс №13...
26,Похмелье.. Лежу на полу. Мимо ползет паук.. — Сука, не топай!
27,1 сентября на всех школах страны: ОБЪЯВЛЕНИЕ Занятий не будет — все учителя ушли в бизнес.
28,— А на что ты готов, чтобы доказать свою любовь? — Проси что угодно. — Месяц без ceкса! — Хорошо, месяц без ceкса... — Спятил? Я ж сама не выдержу! — Теперь поставим вопрос по другому: На что ты готова, чтобы я отказался от своих слов?
29,Одесская квартирка. Роза: — Абрамчик, почему ты больше не говоришь, шо любишь меня? — Я уже говорил это однажды. Если шо-то изменится, я дам тебе знать...
30,
31,Жена вечером говорит мужу: — Давай договоримся так. Когда мы ложимся в постель и я глажу тебя по левому плечу, то значит я хочу ceкса, а если по левому — не хочу. Муж: — Нет давай так. Если ты хочешь ceкса, то дергаешь меня за член один раз, а если не хочешь — раз тридцать — сорок.
32,[Запрет публикации от РОСКОМНАДЗОР]
33,Раньше психологи были не нужны. Мама одним подзатыльником очищала карму, восстанавливала ауру, снимала негативную энергетику
34,Остановки для транспорта специально разрабатывались для России. Учли все. На случай жары — стеклянная крыша. На случай ветра — проемы в стенах. И даже для зимы специально придумали железные лавочки!
35,— Ты такую, как я, больше не найдешь. — Я такую, как ты, больше искать не буду.
36,Дети в подвале играли в больницу - Умер от родов сантехник Синицын.
37,Осмотрев пациента, врач отводит его жену в сторону и говорит: — Знаете, Ваш муж мне не нравится. — Мне тоже, доктор, но дети его очень любят...
38,— Что ты делаешь? — Ищу счастье. — В холодильнике? — А где оно ещё должно быть?!
39,— Дорогая, сколько у тебя было парней до меня? — Семь. —??! Ты же говорила, что три?! — Так ведь год прошёл.
40,— Привет, приглашаю на пиццу! — НАПИЦЦА?! Выезжаю!
41,Судья: — Подсудимый, вы обвиняетесь в зверском изнасиловании сотрудника ГИБДД. Подсудимый: — Это невозможно — я импотент, вот справка. .. Потерпевший: — А вы его про жезл, про жезл спросите!!!
42,— Доктор! Мне так неудобно было вызывать вас в такой ливень! — Ничего, у меня в соседнем доме еще один больной, так что я сразу убью двух зайцев.
43,Когда то давным-давно мой дед Михаил сказал: — Любой спор можно выиграть, используя по очереди три фразы: 1) И что? 2) Сам понял, что сказал? 3) Обоснуй! До сих пор работает!
44,Студенты встречаются со своим преподавателем: — Профессор, а как вы стали таким известным философом? — Как?!... Учился. Служил в армии. Опять учился. Защитился. Подрабатывал в 90е, чтобы прокормить семью. Прогорел в то же время в нескольких “пирамидах”. Родились и выросли дети. Много работал и опять защитился. Нехорошо развёлся. Тяжело переболел КОВИДом…Зато теперь могу делиться своими скромными умозаключениями. — Неужели без этих сложностей нельзя? Это же всё лишь философия! — Нет. Вряд ли…Старый соловей всегда убедителен: у него больше трелей, чем у молодого.
45,
46,[Запрет публикации от РОСКОМНАДЗОР]
47,У меня в трейлере, в автодоме установлен биотуалет, а горловина для залива хим. жидкости выходит с боку машины. Я на крышку наклеил знак А-92. Выхожу утром из подъезда, а возле моего авто лежит канистра, шланг воткнут в горловину туалета и вокруг облевано в радиусе 2 метров.
48,Алкаш хвалится перед своим знакомым: — А вот я могу выпить больше поллитра. И больше литра могу. И даже больше полутора! — А меньше 100 грамм слабо?
49,Знаете ли вы, что... По вспышкам сверхновых можно определить, где еще во Вселенной запускали адронные коллайдеры.
50,Абитуриент сдает экзамен по истории КПСС и абсолютно ничего не знает. Преподаватель в отчаянии: — Вы хоть знаете, что было в 1917 году? — Не-е. — Ну, а фамилию Маркс слыхали? — Не-а. — А Ленин? — Не... — Слушайте, откуда Вы такой взялись? — Из Задрючинска я. Экзаменатор тяжело вздохнул, подошел к окну, уперся лбом в стекло и тоскливо пробормотал: — Эх, плюнуть бы на все — и махнуть в Задрючинск.
51,— Говорят, что ты замуж вышла, как семейная жизнь? — Ничего хорошего, муж все выходные по барам и дискотекам. — Гулящий? — Нет, меня ищет.
52,— Мам!!! у меня губы обветрились!!! — Говорила я тебе — зима на улице! Трусы нужно теплые одевать!
53,Слушайте, а давайте выведем породу комаров, которые при укусе будут впрыскивать коньяк, а не эту чесотную жижу! Представляете, спустя час после комариных атак лежишь пьяненький, и комары вокруг тебя пьяненькие, и не чешется ничего, и под потолком кто-то пищит нестройным хором...
54,Как же удивился ребёнок, узнав, что полное имя его бабушки Клавы не Клавиатура!
55,Однажды, видимо, спросонок, Попала мышь в пивной бочонок И в пиве начала тонуть. "Тону! Спасите кто-нибудь! Я гибну в жигулевском пиве, О, как же смерть моя проста, В 100 раз была бы я счастливей Погибнуть в лапах у кота.. " "Ну что ж, — сказал с окна котище — "Я вытащить могу вас, но вы же превратитесь в пищу!" "Спаси скорей, иду на дно, В сто раз милей мне смерть на воле" И мышь от смерти в алкоголе Была на счастье спасена. Но очутившись в страшных лапах, Дрожа до кончика хвоста, Пивной распространяя запах, мышь ускользнула от кота. "Где ваше слово?! Ваша честь!? Вы обещали дать вас съесть." "Ах, что Вы? мышка пропищала, Я это спьяну обещала!" Мораль стучится прямо в дверь: Нетрезвой женщине — не верь!
56,— Молодой человек, не подскажете, как попасть в роддом? — Нужно потр@хаться, не иначе.
57,На пляже стоит фотограф с обезьянкой, к нему подходит мужик: — Сколько стоит с обезьянкой? Фотограф (подозрительно): — Сфотографироваться?
58,Объявление: Цирк примет на работу еще 10 воздушных гимнастов.
59,— Изя, мине какой купальник лучше купить, открытый или закрытый? — Сара, купи закрытый... с прорезями для глаз.
60,
61,Как ты избавился от тараканов? — Да я китайский карандаш купил. — Ну, и? Вымерли? — Не, сидят тихонько в уголке и рисуют
62,Почему ученые, изучающие поведение живых существ, предпочли бы использовать для опытов депутатов одной партии вместо крыс: 1. Депутатов больше, чем крыс. 2. Депутаты быстрее воспроизводятся. 3. Депутаты приносят обществу больше вреда, чем крысы. 4. У сотрудников лабораторий крысы вызывают больше жалости, чем депутаты. 5. Ученым не будут досаждать защитники животных.
63,Чета пенсионеpов попала в pай. Солнышко светит, птички поют, кpасота, сеpдце pадуется. Тут супpуг как даст своей половине подзатыльник. — За что? — Если б не твоя идиотская диета на манной каше, мы бы тут уже два года жили!
64,Наши власти, принимая откровенно параноидальные законы, явно готовятся к будущему суду, чтобы их признали не преступниками, а тяжелобольными людьми.
65,Пожар в больнице. Пожарные все потушили. Подходят к главврачу: — Есть жертвы. В подвале было трое. Двоих мы откачали, одного не смогли. Главврач теряет сознание. Его откачивают и спрашивают, что с ним. — Ребята, у нас там морг вообще-то.
66,— Доктор, таблетки, которые Вы порекомендовали, мне очень помогли. Доктор: — Ну, что ж, и такое бывает...
67,Общаюсь с родной сестрой, описываю свои боли в груди, тут выясняется, что она сейчас испытывает такие же. Рядом сидит её муж и выдает: — Вся партия бракованная! Болеть сразу перестало....
68,На ЕГЭ по литературе выпускник Сидоров существенно обогатил смысл знаменитого изречения Сократа "Я знаю, что ничего не знаю". Он дописал: "И знать не хочу".
69,— Извини, дорогой, я опоздала... — Ну, что ты, это я пришел на полтора часа раньше!
70,— Нажмите любую клавишу. — Эту можно? — Эту нет.
71,Правительство давно знает, что легче всего взять деньги у бедных. Конечно, их у бедных мало, но зато бедных до хрена...
72,Самолет рейса Нью-Йорк — Москва зашел на взлет, как вдруг остановился и вернулся обратно на стоянку. Прошло не меньше часа, пока самолет все же взял курс на Москву. Один из пассажиров спросил стюардессу, в чем была причина задержки. — Пилота обеспокоил звук, доносящийся от правого мотора, — ответила она, — и потребовался почти час времени, пока нашли другого пилота...
73,Судья: — Итак, ответчик, в своей статье от 2 ноября 2011года, вы назвали, "Единую Россию" партией жуликов и воров. Ответчик: — Уважаемый суд, я не писал, что это — "Единая Россия". Я просто написал "Партия жуликов и воров". Я имел в виду ЛДПР. Судья: — Хватит, ответчик, все прекрасно знают, кто у нас партия жуликов и воров.
74,Обычно на свадьбах воруют невесту, а у меня украли тещу. — Больше дорогих подарков не было.
75,
76,Товарищ прапорщик, а можно телевизор посмотреть? Можно только не включайте.
77,— Молодой человек, вы что, меня клеите? — Как вы могли такое подумать! Чтобы вас клеить, вас нужно сначала обезжирить.
78,Однажды у Черчилля спросили: — Скажите, почему в Англии нет антисемитизма, еврейских погромов? Hа что Черчилль ответил: — Видите ли, мы, англичане, не считаем евреев умнее себя...
79,Новый Уголовный Кодекс РФ: — кража до $1000, наказание — КПЗ + тюрьма. — кража от $10.000 до $1.000.000, наказание — КПЗ, затем освобождение. — кража $10.000.000, наказание — подписка о невыезде.
80,Парень с девушкой пришли к ней домой. Он: — А что это за парни на фотографиях? — Не обращай внимания! Это бывшие мужья. — Так ты разведена? — Вася повесился, Мишка — утопился... Э-э, Дима, а ты куда?..
81,Наши власти, принимая откровенно параноидальные законы, явно готовятся к будущему суду, чтобы их признали не преступниками, а тяжелобольными людьми.
82,Пришел работать в сервис-центр. Там — в духовке у материнских и других плат пропаиваются контакты. В морозилке лежат харды для востановления с них инфы. В туалетном бачке в техническом спирте промываются утопленные телефоны. И на хрена нам какое-то Сколково?
83,В баре поздно вечером парень посмотрел на часы, вдруг заволновался, схватил пальто, бросил на стойку бара деньги и быстрым шагом направился к выходу. Его окликнул бармен: — Коля, ты куда вдруг заторопился? — В театр. — В это время? Последний спектакль уже скоро закончится. — Ну да, и меня жена должна оттуда забрать на машине.
84,Муж купил жене несколько одинаковых трусиков одного цвета. — Они же совсем одинаковые! Зачем ты их купил? Люди подумают, что я не меняю нижнее белье! — Какие люди?
85,Корова разогналась с горки и застряла между двух деревьев. Висит, выбраться не может, глаза навыкате, язык вывалился. через некоторое время проходит мимо заяц, смотрит — коровья задница между деревьев. Пристроился, отымел. Обходит вокруг тела, довольный, смотрит на коровью морду: глаза навыкате, язык висит... — Да, корова, это тебе не бычий перчик!
86,Летом работал инструктором по вождению. Вопросы молодых девиц, типа: "А я сегодня задом давать буду? " или "А задом давать — это сложно?". Сначала ржал, потом привык! Одна вообще добила: "А мы задом вместе будем давать?".
87,На алкоголь цены поднимают чтобы меньше пили, на табак чтобы меньше курили, на ЖКХ чтобы экономней жили, пенсионный возраст поднимают чтобы не дожили, и забрать себе всё сэкономленное.
88,Запрос в гугле: "Где в Мордовии можно нормально посидеть с друзьями"? 0,33 сек. Найдено 15 колоний и 10 поселений.
89,Самолет рейса Нью-Йорк — Москва зашел на взлет, как вдруг остановился и вернулся обратно на стоянку. Прошло не меньше часа, пока самолет все же взял курс на Москву. Один из пассажиров спросил стюардессу, в чем была причина задержки. — Пилота обеспокоил звук, доносящийся от правого мотора, — ответила она, — и потребовался почти час времени, пока нашли другого пилота...
90,
91,— Ты почему ещё трусы не сняла, сейчас мастер придёт отопление ремонтировать? — А у нас что, совсем денег не осталось? — С батареи трусы сними!
92,С доски объявления: Помогу застрелиться. Можно без согласия клиента. Полная конфиденциальность и качество исполнения — гарантирую.
93,Таксист всю дорогу молчал. Ни слова о бизнесе, экономике или политике. Их что, теперь совсем ничему не учат ихнем таксомоторном институте, да?
94,— Неделю назад мой кот пропал, и четыре дня назад я его нашла и принесла в дом. А сегодня вернулся мой кот. Теперь у меня живут два одинаковых кота. — У меня год назад точно такая же история с женой-китаянкой была...
95,В пьянке надо вовремя сказать: "Нет! "Если спрашивают: — Хочешь выпить? Твeрдо отвечай: — А почему бы и нет?!
96,На один из самых ответственных постов назначают интернациональный эпипаж в составе: русский, узбек и еврей. Дается им строгий приказ, типа, водку не пить, в карты не играть и безобразия не хулиганить. Ну, значит, стоят они на посту, делать нефиг. Один говорит: — Ну, что, ребя, может, хоть в картишки сыграем? — Ну, дык, давай!!! Играют, значит. В азарт вошли. А тут, как назло, главком: — Ну, что, мужики, значится, в картишки режемся? — Никак нет!!! — Ну, вот ты, скажем, русский? — Так точно! — Православный? — Так точно! — Ну, так клянись на евангелии, что в карты не играл. (нехотя) — Ну, клянусь. — Так, ты узбек? — Ну! — Мусульманин? — Ага. — Ну-ка, клянись на коране, что в карты не играл. (с большой неохотой) — Клянусь. — А ты — еврей? — Ну, да. — Ну-ка, клянись торой, что в карты не играл. — Ну, шо я вам, спрашивается, буду клясться. Тот не играл, этот не играл, а я что, сам с собой играл, что ли?..
97,Зайку бросила хозяйка.. холостым стал снова зайка... баб приводит... пиво пьет.... замечательно живет!
98,Мужик решил купить корову. Приходит на рынок, смотрит, продаются две коровы. Спрашивает у хозяина: — Сколько стоят? — Одна 200 рублей, вторая 100 рублей. Мужик: — А что, она больная? — Нет. — Может, не доится? — Нет, все нормально, доится также как и та. — А в чем разница? — Просто она из Минска. Подумал мужик — корова отличная, здоровая, молоко дает, ну и взял. Привез к себе, все хорошо, не обманул мужик. Настала пора ее топтать. Приводят быка — бык на нее, она в сторону, бык опять на нее, она брыкается, не дается. Позвал приятеля держать ее, а она все равно дергается, не дается. Вспотевший приятель, вытирая лоб: — Слушай, она у тебя не из Минска? — А... а ты откуда знаешь??? — А, да у меня жена из Минска!
99,— Сёма, наш сын опять получил двойку по математике! — Надо найти ему опытного репетитора. — Но задачи ему решал ты! — Ну, тогда мне репетиторшу.
100,Урок английского языка в американской школе. Джордж Буш прибыл в школу, посмотреть на свое подрастающего поколения. Народный лидер предложил поговорить о словах и их значении. — Дети, кто скажет, что означает слово "трагедия"? Встает девочка. — Моего соседа сбила машина, когда он играл на дороге. Это была трагедия. — Боюсь нет, отвечает г-дин Буш, это был несчастный случай. Поднимается мальчик. — Если бы автобус с пятьюдесятью детьми свалился с обрыва, это была бы трагедия. — Нет, — отвечае Буш, — Это была бы великая потеря. Встает Вовочка приехавший учиться по обмену. — Если бы самолет, с супругами Буш на борту был сбит ракетой, выпущенной террористами, это была бы трагедия. — Молодец! — Умиляется г-дин Буш. — А ты не мог бы объяснить, почему, это была бы трагедия? — Ну, это не был бы несчастный случий, и великой потерей назвать это сложно!
101,"Подмолаживает", — сказал ямщик. Даль достал свою записную книжку и написал: подмолаживает — диалектное слово, обозначающее направление ветра. "Эх, балин, к утлу б доблаться! " — тяжело вздохнул ямщик...
102,Когда то давным-давно мой дед Михаил сказал: — Любой спор можно выиграть, используя по очереди три фразы: 1) И что? 2) Сам понял, что сказал? 3) Обоснуй! До сих пор работает!
103,Познакомился парень с девушкой. Погуляли. Парень говорит: — Ну чего, может, поедем ко мне? Она отвечает: — Ты знаешь, я тебе прямо скажу, я, наверно, несовременная, но у меня такие принципы, в общем, я решила оставаться девушкой, пока не буду уверена, что я действительно люблю того мужчину, который рядом со мной. — Ну что ж... Но тяжеловато, наверно, так жить... — Да, в общем-то, нет. А вот муж психует...
104,Придорожное кафе. Заходит водила-дальнобойщик, заказывает мясо. Тут в кафе вваливается три байкера, забирают заказ дальнобойщика. Дальнобойщик расплачивается с официанткой и уходит. Официантка подходит к байкерам, и один из них говорит ей: — Козёл! Даже за себя постоять не умеет! Официантка: — Да, он ещё и водит хреново! Только что выезжал со стоянки — раздавил три мотоцикла...
105,
106,— Юля, почему тебя постоянно называют Юлька-кастрюлька? — Потому что крышечка часто съезжает.
107,Поручик Ржевский наставляет корнета Оболенского, что можно лучше всего подать на ужин, чтобы приятно удивить приглашенную даму: "А когда, корнет, поросенка будете на стол подавать, рекомендую вам в качестве особенного украшения засунуть предварительно в каждое ухо по пучку петрушки, а в рыло свежее яблоко! " Корнет: "Помилуйте, поручик, она же меня в таком виде и не узнает! "
108,Перед судебным заседанием ответчик советуется со своим адвокатом: — Хочу отправить судье коробку хорошего французского коньяка. Как думаете, это поможет выиграть? Адвокат отвечает: — Ни в коем случае так не делайте. Я хорошо знаю этого судью, он честен и принципиален. И дело вы точно проиграете. Прошёл суд, и дело выиграл ответчик. Довольный адвокат говорит: — Здорово, что мы так легко и быстро выиграли, я не ожидал. Ваш случай был тяжёлый, и я был готов к затяжному процессу. Ничего не понимаю. Ответчик: — Я- таки пренебрёг вашим советом и отравил судье коньяк. —? — Я выбрал самый скверный отечественный коньяк и положил в коробку визитку истца.
109,Девушка в ceкс-шопе, а там вибраторы разных размеров и цветов. Продавец: — Покупайте, в хозяйстве пригодится. — Дайте мне вон тот, серебристый. — Девушка, это мой термос, он не продается.
110,— Студент, почему вы опоздали на занятия? — Профессор, я лёг спать около двух. Профессор, назидательно: — А надо было около одной!
111,Парень стоит в очереди в кассу гипермаркета. Взял с полки пачку презервативов — почитать. Стоит, читает, и вдруг сзади кто-то тихонько похлопывает его по плечу. Парень оборачивается: мужик кладет на ленту кассы две большие упаковки детских памперсов и говорит: — Выбирай внимательнее...
112,Преподаватель на экзамене в школе полиции замечает у курсанта ""шпору"": — Дайте сюда! Курсанту делать нечего, от безвыходности начинает бубнить: — Вы не имели права отбирать у меня мою собственность без соответствующих нормативно-правовых процедур! Преподаватель, вздохнув: — Ну что же мне вас, молодой человек, по почкам бить?
113,Приходит блондинка в магазин "Автозапчасти" и спрашивает продавца: — У вас датчики есть? — Какие датчики? — Ну, такие, чтобы когда я в зад давала лампочки загорались...
114,– Фима, я шубу хочу! – Софа, ты ж оливье еще не доела!
115,— Милый, ты где? — Дома, спать ложусь, а ты, родная, где? — Я в баре, за твоей спиной стою!
116,Штирлиц спросил Кэт: — Вы любите фильмы про любовь? — Бесспорно! — ответила Кэт. — А я с п@рно, — признался Штирлиц.
117,Женщина любого возраста не может понять такого физического явления, как самопроизвольное испарение капель воды, оставленных на полу в ванной. Ей нужно обязательно их вытереть!
118,Сельская учительница никак не могла решить, за кого же ей выйти замуж: за директора школы или за тракториста. С одной стороны быстрый карьерный рост, а другой без трактора хрен до школы доберёшься...
119,Многие женщины всю жизнь ходят на 12см. шпильке, дергают подшорсток по всему телу, дуют под кожу силикон, удаляют нижнии пары ребер, откачивают жир, делают пластику по всему телу. А заниматься aн@льным ceксом не хотят, видетели им больно!
120,
121,Идет Красная шапочка по лесу. На встречу выходит Волк. — Красная шапочка, ну посмотори на себя, ту ты же одета как дурочка. — Ну почему же. — Говорит Красная шапочка. — Вот посморти, у меня красная шапочка, красные сандалики, красная юбочка, красные. .. — Остановила. Подумала — А ведь действительно, как дурочка.
122,— Люди-то как за это время изменились: добрые стали, все улыбаются, здороваются со мной, машины дорогу уступают. — Так, Гоша — ты автомат-то чего в оружейку не сдал?
123,Доехал Иван — царевич до камня на распутье, а там надпись: "Поедешь налево — убью. Твоя Василиса. "
124,Маленький мальчик пишем письмо Деду Морозу: "Дорогой Дедушка Мороз! Мне очень понравились те американские хлопушки, которые ты подарил мне на прошлый Новый Год. Поэтому подари мне, пожалуйста, на этот Новый Год 2 пальчика и глазик!"
125,Человек как меч: или делает своё дело, или тупой. Японская народная мудрость
126,Жена садится за пианино играет. Рядом усаживается ее собака и начинает подвывать. Муж наконец не выдерживает: — Ты можешь играть мелодии, которые он еще не выучил?
127,— Скажите, с какого момента вы стали увлекаться парашютным спортом? — Честно говоря, как только увидел, что горит и второй двигатель...
128,Один мальчик хотел попросить у небес большой хер, но очень уж стеснялся.. Тогда он попросил счастья и здоровья, настоящую любовь и семью, работу по душе, достойную зарплату и преданных друзей.. а получил большой хер.
129,— Вчера лесоруб Егорыч со своей бензопилой « Дружба» возвращался с работы, когда на него напали 6 хулиганов Победила « Дружба».
130,Два одессита рассматривают статую Свободы. — Шо не говори, а это памятник тете Соне. Только она могла выйти встречать гостей с примусом в одной руке и квитанциями за квартиру — в другой. Да еще в ночнушке и в бигудях.
131,Змей Горыныч набивается на интим к супруге. Та ссылается на головную боль. Змей Горыныч: — Что, сразу все три?!
132,Краткое описание дела ЮКОСА: — Комсомольцы отжали нефть у народа. — Чекисты отжали нефть у комсомольцев. — Теперь народ, за отжатую у него нефть, должен заплатить 50 млрд долларов комсомольцам. Итог: у комсомольцев — 50 млрд, у чекистов — нефть, а народ — без денег. Вот это многоходовочка!
133,Придорожное кафе. Заходит водила-дальнобойщик, заказывает мясо. Тут в кафе вваливается три байкера, забирают заказ дальнобойщика. Дальнобойщик расплачивается с официанткой и уходит. Официантка подходит к байкерам, и один из них говорит ей: — Козёл! Даже за себя постоять не умеет! Официантка: — Да, он ещё и водит хреново! Только что выезжал со стоянки — раздавил три мотоцикла...
134,На встрече одноклассников. — А помнишь, как в 8 классе нас поймали, когда мы курили под лестницей? — Да-а... хорошо, еще одеться успели!
135,
136,На экзамене: Экзаменатор: Что такое экзамен? Студент: Это беседа двух умных образованных людей. Э: А если один из них необразованный дурак? С: Тогда другой остается без стипендии.
137,— Чем отличается железный занавес эпохи СССР от современного? — Тогда гвозди были свои.
138,Гринписовцы переживают за животных и потому ненавидят дамочек в шубах. Даже краской их обливают. А вот на кожаные куртки гринписовцы не возбуждаются. Потому что куртки носят злобные байкеры, и гринписовцы переживают уже за себя.
139,Hа перекрестке стоит 600 мерс к нему в зад в"езжает Запорожец. Из мерса вылезает Hовый Русский, подходит к (В)одиле запорожца: — Что, мужик, попал ты на деньги... — У нас на заводе год как зарплату не дают — Тогда на квартиру — Я в гараже живу — Тогда если не заплатишь разберем на органы — Подожди, у меня в машине есть барсук — он классно делает мин@т. Если хочешь, возьми его. Hовый русский видит делать нечего берет суслика садится в мерс, через 10 минут выходит дает водиле запорожца $200 и ничего не говоря уезжает. Приезжает домой кидает барс@ка жене и кричит: — Hаучи его готовить и стирать и катись к [дол]баной матери!
140,— Ты меня разочаровал! — Это я ещё не старался!
141,— Кто там? — Это я твой мозг. — Зачем пришел? — Узнал, что ты влюблен, зашел попрощаться!
142,— Сколько нужно оппозиционеров, чтобы поменять лампочку? — Нисколько, российские оппозиционеры в принципе не способны ничего поменять.
143,Прогуливаясь по ярмарочной площади, мужчина видит палатку предсказателя судьбы. Решив, что это будет забавно, он входит в палатку. — Вижу, у вас двое детей, — говорит предсказатель, вглядываясь в хрустальный шар. — Ха! Вы так думаете? — иронизирует мужчина. — У меня трое детей. — Это вы так думаете, — уточняет провидец.
144,Маленькой девочке задали вопрос: — Какая разница между мальчиками, которых принёс аист и тех, что нашли в капусте? Прозвучал убойный ответ: — Одни вырастают орлами, а другие козлами!
145,Неудачник приходит к психиатру: — Доктор, дело тронулось! Сегодня я уронил бутерброд, и он упал маслом вверх! Доктор берет из рук пациента бутерброд, долго его изучает и говорит: — Да нет, батенька, просто вы его намазали не с той стороны...
146,Приходит мужик в аптеку и просит что- нибудь от икоты. Аптекарь с размаха бьет по голове попавшим под руку тонометром. — Что вы делаете?! — Ну, вот! Теперь, как видите, у вас нет икоты. — Да у меня и не было, я для жены просил...
147,К психиатру приходит пациент. — Доктор, мне уже 3 месяца снится одна и та же женщина. — Ну и что? — Надоела!
148,Едет шофер из командировки, видит — цыганка голосует. Думает, посадить или нет. Посадишь — наговорит чего-нибудь, не посадишь — наколдует. Ну, думает, дай посажу, пусть болтает. Цыганка ему и говорит: — Дорогой, золотой, бриллиантовый, дай я тебе погадаю. — Нечего мне гадать. Что было Показать полностью... (до 1 мин. чтения) — знаю. Что будет — узнаю. — Ну, тогда я тебе три правды скажу. — Ну, говори. — Первая правда — луна светит, но не греет. Правда? — Правда. — Козел бороду не бреет. Правда? — Правда. — А третья правда — твоя жена Манька ходит к соседу. — Не может быть, неправда, не верю. — Хочешь — верь, хочешь — не верь! Приехал шофер домой, жена его встречает, собирает на стол, бутылочку ставит. Выпили, поели, и стал он рассказывать, что ему цыганка сказала. Первую правду он сказал, Манька говорит: — Ой, правду сказал! Вторую правду сказал, Манька опять соглашается. — А третью правду я тебе, Манька, не скажу. Она к нему пристала: скажи да скажи. Он и говорит: — А третья правда — у соседа Ваньки во-о-от такой малюсенький. — Ну уж это неправда!
149,Милиция задержала того типа, что угнал мою машину. Надо навестить его в тюрьме. — Зачем это тебе нужно? — Как зачем?! Хотя бы узнать у него, как ему удалось ее завести.
150,
151,Идет экзамен в институте. Студентка за последней партой, не теряя долго времени, начинает списывать из-под юбки. Наблюдательный профессор преклонных лет заметил, что она все время смотрит куда-то вниз, подходит к ней и говорит: — Ну-ка, что у вас там? Студентке уже нечего терять, и она решается на отчаянный шаг: — А там у меня то, что вам очень понравится после экзамена!!! Почесав затылок, лектор сказал: — Бутерброды с маслом, сервилатом, икрой и пивом, что-ли?
152,— Смотри, чего пишут: "Золотой запас России в мае увеличился на 22 тонны". — Не понял?!.. Какого-то очередного губернатора взяли?..
153,А вам не кажется, что если бы власть считала своих граждан за людей, а не за собственный скот и средство достижения своих целей, то все принимаемые ею законы и действия были бы несколько другие?
154,Китайская мудрость гласит: назови человека свиньёй 1000 раз, и он станет ей. И действительно: инспектор ДПС Петров стал заглядываться на парней.
155,Загадка: наведёт стеклянный глаз, щёлкнет раз — и помним вас. Кто это? Оптимист: — фотограф. Пессимист: — снайпер.
156,Чудеса экономики! Нам сообщают: "Российская экономика притормозила". Во, [м]лять! Стояла-стояла и, вдруг, ещё и притормозила?!
157,У пессимиста будильник заведен на семь утра. У оптимиста — на половину восьмого. У реалиста — на 7:00 7:10 7:20 и 7:30. У пофигиста вообще нет будильника.
158,Из выпyска теленовостей: "... Вот yже четвеpтый день неизвестными лицами захвачен ликеpо-водочный завод. До сих поp теppоpисты никак не могyт сфоpмyлиpовать свои тpебования".
159,Доктоp слушает пациента и пpиговаpивает: — Хоpошо, хоpошо... — Доктоp, а что хоpошего-то?! — Хоpошо, что у меня такого нет!
160,– Где можно потусить на 100 рублей? – В 1973 году.
161,Молодой еврейский паренек записывается в еврейскую же армию. Комиссия задает вопрос: — Представьте, вы в поле. Впереди вас араб. Ваши действия? — Хватаю автомат и убиваю араба. — Правильно. Следующая ситуация: вы в поле, впереди вас араб, слева и справа тоже по арабу. Ваши действия? — Хватаю автомат и убиваю всех. — Правильно. Такая ситуация: вы в поле, перед вами три араба, сзади тоже три араба, справа/слева опять же по три араба и, еще танк едет. Ваши действия? — Хватаю автомат и убиваю арабов. Потом бросаю гранату и подрываю танк. — Правильно. А вот такая ситуация: вы в поле, впереди сотня арабов, справа/слева/сзади по сотне, три танка из-за холма показались и пяток вертолетов пикируют. Ваши действия? — А можно вопрос? — Можно. — Я один в еврейской армии???
162,— Вась, я тут видела объявление, что кодируют людей от пьянки во сне. — А мне зачем? Я во сне не пью.
163,Приезжают родители студента в город. Находят адрес, где тот снимает квартиру напополам с другом, звонят в дверь. — Кто? незнакомый пропитой голос из- за двери. — Извините, здесь живет Петров Сергей? спрашивают родители. — Да, здесь — за дверью пауза И тишина. Затем из-за двери тот же голос раздается: — Знаете что, положите Серёгу около двери, я потом оденусь и занесу его.
164,Сидим на встрече. Деловые люди и один мужик, ну ведет свой монолог, рассказывает про то, да се... и тут один из слушающих, поднимает руку, дескать вопрос... , короче, не знаю, что там с ним, но он как перданет... и прям стреманулся, что понятно, весь как рак. Мне всегда было тяжело со смехом справляться, а тут вообще... сижу, еще краснее него, и прям боюсь, что щас дико захохочу. Смотрю — все давятся. Докладчик смотрит так, и так еле-еле, тихо-тихо: "Да, я вас слушаю. Вы что-то хотите добавить?". Два человека тут же вышли из кабинета, прижав к уху совершенно безмолвные телефоны. Бедный пердун сидит, не зная, как спасти ситуацию, и говорит: "Блин, да добавил уже, мало что ли?" Ржач пошел такой, что все здание затряслось... Я, в буквальном смысле слова, плакал, у меня болел живот. .. вообще, молодчик, умеют же люди из проблем выкручиваться.
165,
166,— что такое брови Брежнева? — это усы Сталина, но на более высоком уровне.
167,— Алло, это эксперт по криптовалютам? — Да. — А почему шепотом? — Я на алгебре.
168,— Кто-нибудь из Ваших друзей страдает алкоголизмом? — Никто не страдает, Всем нравится!
169,Конец учебного года. — Пап, а пап! Вот тебе повезло! — Это почему же? — Учебники для меня покупать не придется. Я на второй год остался.
170,ВЫДЕРЖКИ ИЗ СОЧИНЕНИЙ ШКОЛЬНИКОВ: ) 1. Трактор мчался по полю, слегка попахивая… 2. Летом мы с пацанами ходили в поход с ночевкой, и с собой взяли только необходимое: картошку, палатку и Марию Ивановну. 3. Умер М. Ю. Лермонтов на Кавказе, но любил он его не поэтому! 4. Плюшкин навалил у себя в углу целую кучу и каждый Показать полностью... (до 3 мин. чтения) день туда подкладывал. 5. Ленский вышел на дуэль в панталонах. Они разошлись и раздался выстрел. 6. Дантес не стоил выеденного яйца Пушкина. 7. Во двор въехали две лошади. Это были сыновья Тараса Бульбы. 8. Онегину нравился Байрон, поэтому он и повесил его над кроватью. 9. Герасим поставил на пол блюдечко, и стал тыкать в него мордочкой. 10. У Онегина было тяжело внутри, и он пришел к Татьяне облегчиться. 11. Лермонтов родился у бабушки в деревне, когда его родители жили в Петербурге. 12. Чацкий вышел через задний проход и подпёрнул дверь палкой. 13. Герасим налил Муме щей. 14. Бедная Лиза рвала цветы и этим кормила свою мать. 15. Хлестаков сел в бричку и крикнул: “Гони, голубчик, в аэропорт! ” 16. Отец Чацкого умер в детстве. 17. Пьер был светский человек и поэтому мочился духами. 18. Под старость лет его приковало к постели раком. 19. Вдруг Герман услыхал скрип рессор. Это была старая княгиня. 20. Кабаниха нащупала у Катерины мягкое место и каждый день давила на него. 21. У Ростовых было три дочери: Hаташа, Соня и Hиколай. 22. Тарас сел на коня. Конь согнулся, а потом засмеялся. 23. Душа Татьяны полна любви и ждёт не дождётся, как бы обдать ею кого-нибудь. 24. Шел полк французов и кутузов. 25. Онегин был богатый человек: по утрам он сидел в уборной, а потом ехал в цирк. 26. Петр Первый соскочил с пьедестала и побежал за Евгением, громко цокая копытами. 27. Нос Гоголя наполнен глубочайшим содержанием. 28. Глухонемой Герасим не любил сплетен и говорил только правду. 29. Тургенева не удовлетворяют ни отцы, ни дети. 30. Такие девушки, как Ольга, уже давно надоели Онегину, да и Пушкину тоже. 31. С Михаилом Юрьевичем Лермонтовым я познакомилась в детском саду. 32. Герасим ел за четверых, а работал один. 33. Печорин похитил Бэлу в порыве чувств и хотел через ее любовь приблизиться к народу. Hо ему это не удалось. Hе удалось ему это и с Максимом Максимычем. 34. У Чичикова много положительных черт: он всегда выбрит и пахнет. 35. Пугачев помогал Гриневу не только в работе, но и в любви к Маше. 36. Шелковистые, белокурые локоны выбивались из под её кружевного фартука. 37. Сыновья приехали к Тарасу и стали с ним знакомиться. 38. Фамусов осуждает свою дочь за то, что Софья с самого утра и уже с мужчиной. 39. Таким образом, Печорин овладел Бэлой, а Казбич — Каракезом. 40. Наташа была истинно русской натурой, очень любила природу и часто ходила на двор. 41. Герасим бросил Татьяну и связался с Муму. 42. Грушницкий тщательно целил в лоб, пуля оцарапала колено. 43. Поэты XIX века были легкоранимыми людьми: их часто убивали на дуэлях. 44. Здесь он впервые узнал разговорную русскую речь от няни Арины Родионовны. 45. Первые успехи Пьера Безухова в любви были плохие — он сразу женился. 46. В результате из Тихона вырос не мужчина, а самый настоящий овца. 47. Кирсанов сидел в кустах, но все, что не надо, видел. 48. Сначала Татьяна горячо любила Онегина, а он её в глаза не видел. Hо когда она похолодела, Евгений решил начать всё снова. Было поздно. 49. Председатель так взял доярок за живое, что надой молока сразу увеличился. 50. Когда я прочитал роман Горького “Мать”, то сам захотел стать матерью. 51. Hа поле раздавались стоны раненых и мертвых. 52. В лесу стоял необычайный аромат, и я тоже остановился постоять.
171,В Ирландии ваша страница в социальных сетях автоматически блокируется, если вы допускаете более трех грамматических ошибок в неделю. А что, по-моему, так вполне справедливо!
172,— Ты где был? Я весь день звонил тебе на сотовый, а он всё "вне зоны доступа". — А… Я просто телефон ношу завернутым в фольгу, чтобы он своим излучением мне на мозг не действовал! — Мда… Ну, что сказать… Поздно ты стал телефон в фольгу заворачивать…
173,Удивительные медицинские факты: 1) Ни один человек не сможет полностью открыть свой рот и вытянуть язык дальше губ. 2) 90% из вас только что попытался это сделать. 3) 100% поняли, что это было не правдой. 5) Небольшое большинство (51%) посмеялось. 6) Большинство этих людей не заметили, что мы пропустили номер 4. 6) Большинство только что посмотрели и поверили. 7) Большинство не увидели, что мы так же пропустили номер 2. 8) Ты опять попался(лась). 9) Ты словил нас на повторении 6? 10) Ты не хотел (ла) проверять, не так ли?
174,— Чем русские отличаются от японцев? — Русские до сих пор ненавидят Америку за Хиросиму и Нагасаки.
175,Всё, что говорят обо мне за моей спиной, слушает только моя жопа. Ф. Раневская.
176,Два года с ней встречался и все было хорошо. Потом началось: — Как тебя зовут? А ты женат?
177,Встретились как-то Иван-царевич и Бэтмен. Встретились и поженились. А что, Иван-то неприхотливый, ему что лягушка, что мышь летучая...
178,— И что это за новый Славик у тебя в контактах на телефоне? Я туда позвонила, а там женский голос! И как это понимать?! — А очень просто! Там такая же дура схватила телефон, чтобы послушать, что за новый Сергей у Славика в телефоне.
179,— Чай, кофе? — Чай. — Черный, зеленый? — Чёрный. — Горячий, теплый? — Горячий. — В бокал, стакан? — Стакан. — С сахаром, без? — С сахаром. — Песок, рафинад? — Рафинад — Один, два, три? — Два. — С лимоном, без? — Без. — Потом ceкс, не ceкс? — Нет, я домой. — Почему? — Чувствую, до утра не приступим, а мне рано на работу.
180,
181,Хозяин ресторана — бармену: — Сегодня готовим такой вот коктейль: 5 грамм водки на 100 литров воды... — Психбольница гуляет, что ли? — Тсс... У гомеопатов корпоратив!
182,Умирает старый еврей. Собралась вся семья проститься. Жена ему говорит: — Моисей, на кого же ты нас покидаешь…. Что же мы теперь будем без тебя делать, ты заваривал такой чудесный чай, никто больше так не мог. Хоть перед смертью открой нам свой секрет, как у тебя получался самый вкусный чай во всей округе?... Моисей собрал последние силы, немного приподнялся над кроватью: — Заварки не жалейте…
183,Пришел домой пьяный. Полез в ванну купаться. Поскользнулся, упал. Падая, сбил головой кран. Струя со всей силы бьёт в потолок. А я лежу и ржу — первый раз в жизни затопил соседей сверху.
184,— Зайка моя! — Иди со своей морковкой знаешь куда?
185,— Почему НТВ отменило показ фильма "Место встречи изменить нельзя"? — Из-за фразы Жеглова — "Вор должен сидеть в тюрьме".
186,Он год принцессе строил глазки, И шоколадки покупал. А ей хотелось, чтоб как в сказке: И бал, и бал, и бал, и бал...
187,Кутузов Москву спалил — герой. А я котлеты сожгла — сразу овца рукожопая.
188,Чукча купил шкаф. Открывает дверцу — а там зеркало. — Ой, брат приехал! А жена из-за его спины выглядывает: — И какая-то [м]лядь с ним...
189,Мужик, у которого одни сплошные несчастья, порчи, сглазы и т. д. встает на колени и говорит? — Господи, ну в чем я виноват? Развергаются небеса, раздается глас с неба: — Ну не люблю я тебя...
190,Каждый раз орёл сначала садился рядом с Прометеем, доставал из-под крыла сигаретку и спрашивал ехидно: — Огонька не найдётся?
191,Почему под здоровым образом жизни понимается отказ от курения и алкоголя? Почему про постоянный недосып, жизнь от зарплаты до зарплаты и невроз тактично умалчивают? Это что, очень полезно для здоровья?!
192,Официантка рассказывает подруге про свой рабочий день. — Клиент был сегодня. Сначала жениться обещал, а потом уснул. — На тебе? — На столе! — ЖЕНИТЬСЯ обещал на тебе?!! — А, да. На мне.
193,— Рядовой Гарсиа! — Да, сэр! — Я не видел вас на зачете по маскировке! — Спасибо, сэр!
194,Если чиновник требует от вас кучу документов, приложите туда ещё и "Разрешение на ношение огнестрельного оружия", и тогда ваши дела пойдут намного быстрее.
195,
196,Запыхавшийся американский солдат подлетает к монашке: — Пожалуйста, пожалуйста — можно я спрячусь под вашей юбкой?!.. Я объясню позже!.. Монахиня согласилась. Немного погодя прибегают двое военных полицейских: — Сестра, простите, вы не видели тут случайно... солдата?... Монахиня ответила что он ушел в другом направлении... После того как военные полицейские ушли, солдат выползает из под юбки: — Уж и не знаю, как Вас благодарить... Понимаете... я не хочу ехать в Ирак... Монахиня ответила что она его полностью понимает. Солдат: — Не подумайте, что я груб... , но у вас пара восхитительных ножек..! Монахиня: — Если бы ты посмотрел еще немного выше, ты бы увидел пару восхитительных... яиц.. Я тоже не хочу ехать в Ирак..
197,Муж заметил, что жена слишком часто с кем-то по мобильному телефону разговаривает, решил проверить. Взял телефон — точно! То Виталик какой-то ей позвонит, то она Виталику… Непорядок! На следующий день говорит: — Жена, уезжаю в командировку на три дня. А сам снимает квартиру в доме напротив, и с мощным биноклем занимает наблюдательный пост. Видит: подъезжает к дому крутая тачка, выходит из нее здоровый мужик, в руках цветы, коньяк, шоколад. Ну, думает муж, наверное Виталик… Точняк! Мужик поднимается на четвертый этаж, жена открывает ему дверь, бросается на шею, они идут пить. Муж с биноклем рвет и мечет: я, мля, сейчас этого Виталика порву! Тем временем Виталик берет на руки жену, несет ее в спальню. Там начинает раздеваться: могучий торс, мощные бицепсы, шланг приличных размеров — красавец-мужчина, словом. Муж уже почти срывается с места с целью нарушить интим, но тут начинает раздеваться жена. Ну… Груди, как целлофановые мешки, обвисшие, целлюлит прогрессирующий, складочки на боках — не комильфо, короче. Муж отставляет в сторону бинокль, берется за голову и с невыносимой горечью говорит: — [м]ля@@… Как перед Виталиком неудобно…
198,— Юля, почему тебя постоянно называют Юлька-кастрюлька? — Потому что крышечка часто съезжает.
199,Если у начальника хорошее настроение, его легко можно спутать с человеком. Самое опасное — это на следующий день общаться с шефом, исходя из этой иллюзии.
200,— Какого х[рена]!? — Вы чего материтесь, здесь же дети?? — Вот именно! Какого х[рена] на вечеринке свингеров делают дети?
201,Женщина, не усложняй. Если тебе мужик понравился, нужно подойти к нему и сказать: "Мужик, ты мне понравился". И всё, теперь это его проблема, а не твоя. Сам понравился, сам пусть и выпутывается.
202,— что такое Чомбе? — Хрущев в шоколаде.
203,Заказал Шумахер в номер проститутку, та заходит, глядь Шумахер и еще толпа мужиков: — Эй, я на групповой не подписывалась! — Не волнуйся, это мои механики, они будут резину менять.
204,Мужик пришел домой грустный такой весь печальный... Садится за стол, лениво ест заботливо разогретый женой суп... Жена ему так радостно говорит: — Дорогой, я беременна!!! Муж со злостью швыряет ложку в тарелку и орет: — Блиин!!! И ты тоже!!!
205,— Знаете, чем отличаются борцы сумо от обычных японцев? — А-а! Я догадался! Они едят ложками!?..
206,Слово мужчины это слово твердое и непоколебимое. Если он сказал "завтра", то его решение не меняется. И не надо переспрашивать его каждый день.
207,Препод студенту: Что Вы делаете, если уравнение нельзя решить линейно? Я обычно грущу...
208,Каждый год весной переводят часы на час вперед. Каждый год этим все недовольны. А ведь так просто всех порадовать! Достаточно переводить часы не в ночь с субботы на воскресенье, а в середине рабочего дня в пятницу!
209,— Доктор посоветуй, что мне делать: муж не любит мою собаку! — У Вас есть выбор — отравить или утопить. — Кого?! — Ну, у Вас есть выбор.
210,
211,Приходит солдат в санчасть. Доктор ему; — Слушай, а ведь на гражданке ты бы ко мне с такой фигней не пошел! — Конечно, я бы Вас на дом вызвал!..
212,Ржевский отдыхает, уткнувшись мордой в салат, а Безухова (что странно, но трезвого) — потянуло блеснуть познаниями в области биологии... — Это, Наташа, креветки! Семейство ракообразные, отряд членистоногие, — говорит Безухов Наташе, показывая на креветок... Тут из тарелки с салатом поднимается рожа Ржевского. — Наташу в кроватке раком отодрали члены стоногие? !! Ну знаете, Безухов, вы как нажрётесь — ну такую уже х[ер]ню несёте...
213,Сейчас авиакомпании дружно пишут, что надеются на наши понимание и поддержку в это трудное время. Хочется спросить: "А где вы были, когда мой чемодан весил 23.1 кг?".
214,Жена мужа пилит. — Сколько раз я тебе повторяю: сок — это когда написано 100%, напиток — когда от 50 до 80%, а если написано 40% - то это нектар! — Вот-вот. Я давно говорил, что водка — это нектар!
215,Мужик пpиходит к вpачу: — Доктоp, у меня четыpе яйца... Доктоp: — Да это у вас пpосто почки опустились.
216,Два землекопа рыли яму на солнцепеке. Вдруг один из них остановился и сказал: — Слушай, Боб, я вот подумал: почему это мы роем яму на солнцепеке, а босс стоит в тени под деревом и ничего не делает? — Не знаю, Майкл, — ответил второй. — Но я сейчас у него спрошу. Он вылез из ямы и подошел к боссу. — Послушайте, босс. У нас с Майклом возник вопрос: почему мы роем яму на солнцепеке, а вы стоите в тени под деревом и ничего не делаете? — Потому что интеллект, — ответил босс. — Что значит "интеллект"? — не понял Боб. — Сейчас объясню, — босс положил руку на дерево. — Ударь меня кулаком по руке со всей силы. Боб размахнулся от души, но в последнюю секунду босс отдернул руку, и удар пришелся по дереву. — Вот это "интеллект", — сказал босс. — Понятно, — ответил Боб. Он вернулся к Майклу. — Что сказал босс? — спросил тот. — Босс сказал: "Потому что интеллект". — Что значит "интеллект"? — не понял Майкл. — Сейчас объясню, — Боб положил руку себе на лицо. — Майкл, возьми лопату и ударь меня по руке со всей силы.
217,Молодой еврейский паренек записывается в еврейскую же армию. Комиссия задает вопрос: — Представьте, вы в поле. Впереди вас араб. Ваши действия? — Хватаю автомат и убиваю араба. — Правильно. Следующая ситуация: вы в поле, впереди вас араб, слева и справа тоже по арабу. Ваши действия? — Хватаю автомат и убиваю всех. — Правильно. Такая ситуация: вы в поле, перед вами три араба, сзади тоже три араба, справа/слева опять же по три араба и, еще танк едет. Ваши действия? — Хватаю автомат и убиваю арабов. Потом бросаю гранату и подрываю танк. — Правильно. А вот такая ситуация: вы в поле, впереди сотня арабов, справа/слева/сзади по сотне, три танка из-за холма показались и пяток вертолетов пикируют. Ваши действия? — А можно вопрос? — Можно. — Я один в еврейской армии???
218,Сегодня утром мой сын сказал, что у него болит ухо. Я спросил: "Внутри или снаружи?". Он вышел из дома, зашёл обратно и говорит: "И там, и там". Именно в такие моменты я задумываюсь, не слишком ли много денег я откладываю на его колледж.
219,Ну вот и пришло время, когда в холодильниках потихоньку начинает появляться группа продуктов под общим названием: "Положи на место, это — на Новый Год... "
220,Урок литературы. Учитель спрашивает: "Ну что дети, вы прочитали "Войну и мир"? "Молчание... Один парень подрывается с места, как будто шило в жопе, с ошарашенными глазами спрашивает: "А ее че читать надо было? "Учитель: "Ну да... А я переписал! "
221,Сверхскромный парень в аптеке, ужасно стесняясь очереди, едва шепчет: — Мне бы это... презерватив. Аптекарь: — Что, что? Говори громче! — Ну в общем, Полина, Роза, Елена, Зина, Евдокия, Руслана, Валя, Аксинья, Тоня, Ира, Вера. Аптекарь с удивлением: — И куда же ты с одним презервативом на такую ораву?!
222,— Откуда у тебя топор? — Мне лесная фея дала. — А топор откуда?
223,Министр образования сдала все ЕГЭ! Министр здравоохранения отстоял очередь к специалисту в поликлинике! Министр финансов прожил месяц на минимальную пенсию! Только после этого пенсионерка Клавдия Петровна отпустила наконец Золотую Рыбку...
224,— Внучок, что ты делаешь? — В "Контакте" сижу, бабуль, ты не поймешь. — Почему не пойму? "Ляля Сладкая Красотка" у тебя в друзьях — это я!
225,
226,Старшина обходит строй новобранцев: — У тебя какое образование? — Восемь классов — Хорошо. У тебя? — МГУ! — Чего мычишь, писать умеешь хотя бы?
227,— Слышь, Петрович, президент сказал, что Россия — одна большая семья. — То есть, теперь Усманов нам родственник и даст покататься на своей яхте?
228,Женщина в постели – это целый континент! До 20 лет – Азия – дикая и необузданная! 20 – 30 лет – Африка – жаркая, пылкая, знойная! 30 – 40 лет – Европа – хитрая, изворотливая, изъезженная вдоль и поперёк, но тем не менее манящая и привлекательная! 40 — 50 лет – Америка – агрессивная, деловая, жадная до денег, но всё ещё желанная! 50-60 лет – Австралия – некоторые иногда посещают… От 60 лет – Антарктида – далёкая, холодная и никому не нужная… Мужчины в постели – это инструменты симфонического оркестра! До 20 лет – барабан – громко, чётко, но недолго! 20 — 30 лет – труба звонко, красиво, часто! 30 — 40 лет – скрипка – лучший инструмент в оркестре; играет весь концерт, для знатоков! 40 – 50 лет – виолончель – настраивается полчаса, играет 2 минуты. 50 — 60 лет – тромбон – не то играет, не то мучает… 60 — 70 лет — рояль – один настраивает, другой играет… От 70 лет – футляр для инструмента.
229,Братан: — Ну доктор, ты уж определяйся с диагнозом: либо я буду жить, либо ты не будешь...
230,— Кто мы? — Женщины! — Чего мы хотим? — Не знаем! — Когда мы это хотим? — Прямо сейчас!
231,Теща сердито зятю: — Хватит читать газету, пошел бы лучше грядки полил! — Так ведь дождь идет, мама... — Ну и что, одень плащ!..
232,Печкин: — Это почему я раньше злой был? Потому что у меня велосипеда не было. А теперь, когда у меня и самокат украли, я вас просто убивать буду!
233,— Слушай, старик, сколько на самом деле лет твоей жене? — Трудно сказать, но по её собственным словам выходит, что она на год моложе нашего старшего сына.
234,Приезжает мужик из командировки: жена на работе, а маленькая дочь, голая, лежит в кроватке в обнимку с большим плюшевым медведем и говорит ему: — Ну, ты, блин, половой гигант! Хватит, я больше не могу! Двенадцать раз за ночь — кто же такое выдержит?! Мужик удивлённо спрашивает: — Это в кого же ты играешь, доченька?! — В маму!
235,Правительство давно знает, что легче всего взять деньги у бедных. Конечно, их у бедных мало, но зато бедных до хрена...
236,Два метрдотеля стоят вечером около стойки, скучают, обсуждают женщин и машины. Подходит роскошная женщина, которая остановилась в их гостинице. Играя в руках ключами от номера, она говорит: — Мне в вашем городе так одиноко, хотелось бы провести эту ночь с горячим страстным мужчиной. Кто из вас мог бы мне помочь? Один из метрдотелей берет ключ из ее рук и говорит: — Я охотно помогу вам. — Спасибо. Вы настоящий джентльмен, — не каждый вот так согласится весь вечер посидеть с чужим ребенком.
237,— Дорогой, нам на работе будут доплачивать 15% за вредность! — Ты уже и там всех достала?
238,— Лучший подарок — это впечатление! — Меня очень впечатляют деньги.
239,Женщина выбирает в магазине палас: — Мне нужно что-нибудь практичное, не маркое, это для детской. — А сколько у вас детей? — Шестеро. .. — В таком случае практичнее всего комнату заасфальтировать.
240,
241,Приходит Раскольников к старухе процентщице и она у него спрашивает: — Как будешь долг отдавать? — По рублю
242,— Как отличить быка от коровы? — Когда доишь быка, он улыбается.
243,Заказал Шумахер в номер проститутку, та заходит, глядь Шумахер и еще толпа мужиков: — Эй, я на групповой не подписывалась! — Не волнуйся, это мои механики, они будут резину менять.
244,Маленькая старая леди шла по улице, неся в руках два пластиковых мешка из под мусора. В одном из них была дырка и периодически из него на дорогу выпадали 20 ти долларовые купюры. Это заметил полицейский и остановил ей: — Мэм, у Вас из мешка выпадают двадцатки! — Вот черт, пойду ка я обратно, да соберу что выпало. Спасибо, что сказали! — Не так быстро. Откуда у Вас эти деньги? Украли? — О, нет. Понимаете, мой задний двор находится сразу за парковкой футбольного стадиона. После матча куча болельщиков идет в кусты отлить и делает это прямо на мои цветочные клумбы! А я караулю за кустами с большими садовыми ножницами и каждый раз, как кто то засовывает свою штучку в в розовые кусты, я говорю "20 баксов или отрежу!". — Хм! Хорошая идея! Хорошо, можете идти. Кстати, а что в другом пакете? — Понимаете, не все платят...
245,Нищий сидит на берегу реки, ловит рыбу. Вытягивает — золотая рыбка. — Ну, нищий, давай одно желание! — Дай мне столько денег, сколько могут поместиться в моём доме! — Ок! Приходит домой, а там на полу валяется 500 рублей. Он бегом назад к реке, вытаскивает рыбку и говорит: — Что ж ты, зараза, меня обманула — 500 рублей дала?! — Я не поняла, что, не поместились?!?!
246,Кухни народов мира: Русская: приготовьте что угодно, лишь бы получилась закусь. Залейте майонезом. Украинская: в качестве начинки для торта возьмите две свиных отбивных, сальные шкварки и перекрутите в мясорубке с сахаром. Грузинская: приготовьте что-нибудь, засыпьте кинзой, залейте киндзмараули, добавьте сулугуни. Показать полностью... (до 1 мин. чтения) Французская: как-нибудь поджарьте мясо, залейте его соусом, с которым Вы мучались 3,5 часа. Итальянская: соберите все остатки еды из холодильника, разогрейте, посыпьте моцареллой. Подавать на блине или с макаронами, плавающее в любом красном соусе. Китайская: нарвите травы во дворе, обжарьте на быстром огне с горой специй и литром соевого соуса. Японская: поймайте что-нибудь живое в море, немедленно разделайте на тонкие куски, подайте к стол трепещащим и с васаби. Мексиканская: добавьте перца. Все! Остальное можете не добавлять. Ливанская: намазать что-нибудь кунжутным маслом, залить лимонным соком. Подать к столу. Индийская: смешайте карри с перцем, перцем и перцем. Добавьте также карри, а в конце добавьте карри. Украсьте горошком. Греческая: подайте к столу дешевые продукты, просто нарубленые кусками и даже не смешанные. Гордо повторяйте: "Натур продукт". Румынская: украдите курицу и кастрюлю. Еврейская: пойдите в гости.
247,— Доктор, помогите, мой муж страдает от бессонницы и ему все время мерещатся всякие ужасы, может попробовать дать ему какое-нибудь сильнодействующее снотворное? Врач, не отрываясь от своих записей: — Попробуйте для начала просто ему дать...
248,Поручик Ржевский наставляет корнета Оболенского, что можно лучше всего подать на ужин, чтобы приятно удивить приглашенную даму: "А когда, корнет, поросенка будете на стол подавать, рекомендую вам в качестве особенного украшения засунуть предварительно в каждое ухо по пучку петрушки, а в рыло свежее яблоко! " Корнет: "Помилуйте, поручик, она же меня в таком виде и не узнает! "
249,Инспектор по делам несовершеннолетних ведет воспитательную беседу с прыщавым любителем клея "Момент": — Ну посмотри на себя! Бродяжничаешь, воруешь, клей нюхаешь! Куда только семья твоя смотрит? Где твой отец? — В тюрьме... — А мать? — В лагере... — А сестра? — В колонии.. — Ну а брат? — В институте... — Вот видишь! Бери пример с брата! В каком он институте? — В медицинском... — Тем более! Туда так просто не попасть! И что он там делает? — В банке с формалином сидит...
250,В бар заходит мужик, а за ним страус и мокрая кошка. Официант подходит за заказом. Мужик заказывает пиво, поворачивается к спутникам и спрашивает "А вам?" Страус: "Я тоже возьму пива", Кошка: "И мне". Официант приносит заказ: "С вас 6,20". Мужик не глядя достает из кармана деньги, отдает официанту — ровно 6,20. Hа следующий вечер картина повторяется, и снова мужик не глядя достает из кармана нужную сумму. В очередной раз приходит эта компания, заказывает уже двойной виски. Официант приносит заказ: "С вас 19,70". Опяь мужик достает из кармана сумму без сдачи. Официант не удержался и спрашивает: — Послушайте, я понимаю, что у каждого своя компания, вопросов нет, но как вы умудряетесь доставать деньги без сдачи? — Hу, — отвечает мужик, — пару лет назад мне достался в наследство дом, и на чердаке я нашел лампу, а в ней оказался джинн. И первым моим желанием было иметь в кармане всегда столько денег, сколько мне нужно. — Идеально! — восхитился официант. — Да, я всегда имею только ту сумму, которая мне нужна: спички купить или Роллс-Ройс... — А второе и третье желание? — спросил официант. — Я пожелал, чтобы со мной рядом всегда была цыпочка с длинными ногами и влажной "киской"...
251,Выдержка из правил проживания в общежитии: "... Запрещается жарить шашлыки внутри блоков на оголенных электрических проводах, или иных приспособлениях, включая мощные лампы накаливания... ... Категорически запрещается собирать реактивные двигатели или иные приборы из холодильников или любой другой бытовой техники внутри помещений общежития. .. " Берёт гордость за свой родной институт.
252,Встречаются два бывших одноклассника — ныне 70-летние: — Ну, как живешь? — Эх, я всю жизнь зарабатывал деньги. Денег полно, но теперь я понимаю, что счастье не в них! Через год — снова встреча, на этот раз "богатый" ведет под руку ослепительную молодую красавицу: — Познакомься, моя жена! — Слушай, как тебе это удалось? — Я, честно говоря, соврал ей про собственный возраст. —? — Я сказал, что мне 93.
253,Если вас тошнит и вы не можете вырвать, существует простой народный способ: засуньте один палец в рот и один палец в попу. Если не помогает — поменяйте пальцы местами.
254,Направил резюме в РПЦ. Пригласили на встречу. Сказал, что хочу возглавить отдел святой инквизиции. Посмеялись, заявили, что мне нужно было родиться несколько веков назад. Потом серьёзно посоветовали зайти к ним года через два- три.
255,
256,— Рядовой Гарсиа! — Да, сэр! — Я не видел вас на зачете по маскировке! — Спасибо, сэр!
257,Полицейский останавливает нарушителя, который значительно превысил скорость. — Но, сэр, я могу все объяснить!-восклицает водитель. — Объяснишь все моему шефу, а пока посидишь в камере! — Но я хочу сказать... — Заткнись... Через несколько часов полицейский заходит в камеру к нарушителю и говорит. — Тебе повезло, шеф сейчас на свадьбе у своей дочери, когда он приедет, то будет в хорошем настроении! — И не рассчитывайте-я жених.
258,— Будь другом, посоветуй мне, на ком жениться; на богатой сорокалетней вдове, или на молоденькой девушке, бедной, без приданого, но которую я люблю? — Разумеется, на девушке, ведь самое главное в мире — это любовь. Кстати, кто эта вдова и где она живет?
259,Родители назвали сына Изяславом и он выгодно этим пользовался, представляясь кое-где Славой, а кое-где — Изей.
260,Два соседа пьют, пьют. Водка закончилась. Деньги тоже. Хозяин говорит: — Пойду напечатаю денег. В соседней комнате у меня небольшой станочек. Напечатал. Купили водки. Дальше пьют. И так несколько раз. На следующий день вызывают хозяина в соответсвующие органы. — Что вы это печатаете? — Да я заранее положил купюры. Станок их просто разглаживает. Они становятся как новые. — Зачем это вам? — Чтобы знать с кем можно пить и дружить.
261,Женщина в постели – это целый континент! До 20 лет – Азия – дикая и необузданная! 20 – 30 лет – Африка – жаркая, пылкая, знойная! 30 – 40 лет – Европа – хитрая, изворотливая, изъезженная вдоль и поперёк, но тем не менее манящая и привлекательная! 40 — 50 лет – Америка – агрессивная, деловая, жадная до денег, но всё ещё желанная! 50-60 лет – Австралия – некоторые иногда посещают… От 60 лет – Антарктида – далёкая, холодная и никому не нужная… Мужчины в постели – это инструменты симфонического оркестра! До 20 лет – барабан – громко, чётко, но недолго! 20 — 30 лет – труба звонко, красиво, часто! 30 — 40 лет – скрипка – лучший инструмент в оркестре; играет весь концерт, для знатоков! 40 – 50 лет – виолончель – настраивается полчаса, играет 2 минуты. 50 — 60 лет – тромбон – не то играет, не то мучает… 60 — 70 лет — рояль – один настраивает, другой играет… От 70 лет – футляр для инструмента.
262,Поскольку ограничена продажа крепких спиртных напитков вечером и ночью, руководство страны считает, что водку следует пить только в рабочее время.
263,— Для преобладающих в тогдашних экосистемах анаэробов, кислород был страшным ядом. По всей видимости это привело к глобальному вымиранию. Приятно сознавать, что не только человек способен так загадить окружающую среду, что потом сам не может в ней жить
264,Вопрос журналу "Здоровье". — Вот я еду в автобусе зимой, а кто-то рядом со мной чихнул. Скажите, на сколько времени надо задержать дыхание, чтоб вирус не подхватить? — На 15-17 минут, не больше.
265,— Ты бы хотел внезапно очнуться в будущем? — Да. — Тогда я вот тут три литра принес...
266,Ходил я на встречу одноклассников, 30 лет не виделись... Три часа пили, ржали, вспоминали. Потом оказалось, что они вообще с другой школы.
267,Юристы пришли к выводу, что в стишке "У попа была собака, Он её любил, Она съела кусок мяса, Он ее убил" нельзя однозначно сказать — убил её поп или кусок мяса.
268,Парикмахер спрашивает клиента: — За какую футбольную команду вы болеете? — За ту же, что и вы. — Но ведь вы не знаете, за кого я болею. — Да, но ведь у вас в руках бритва...
269,Деревня. Бабки сидят на лавочке, щелкают семечки. По деревенской улице медленно ползет навороченный "Джип", упирается бампером в забор, давит, давит... Проламывает забор и рушится в овраг. Бабка: — Глянь, еще один с навигатором приехал!
